Customer_ID,Age,Gender,Income_Level,Transaction_Category,Transaction_Amount,Payment_Mode,Transaction_Date
CUST1000,56,Male,Medium,Food,13385.11,UPI,2024-01-01
CUST1001,46,Female,Medium,Bills,16176.13,Debit Card,2024-01-02
CUST1002,32,Male,Medium,Shopping,15269.47,Credit Card,2024-01-03
CUST1003,25,Male,Medium,Food,15976.49,Debit Card,2024-01-04
CUST1004,38,Male,Low,Food,8768.11,Credit Card,2024-01-05
CUST1005,56,Male,Medium,Shopping,16374.9,Credit Card,2024-01-06
CUST1006,36,Male,Medium,Entertainment,2492.16,Debit Card,2024-01-07
CUST1007,40,Male,Medium,Food,10935.33,UPI,2024-01-08
CUST1008,28,Male,Medium,Entertainment,214.6,UPI,2024-01-09
CUST1009,28,Female,Low,Shopping,6559.26,Cash,2024-01-10
CUST1010,41,Male,Low,Entertainment,7392.58,UPI,2024-01-11
CUST1011,53,Male,Medium,Travel,7983.84,Cash,2024-01-12
CUST1012,57,Female,Medium,Bills,13939.8,UPI,2024-01-13
CUST1013,41,Female,Medium,Food,7832.31,UPI,2024-01-14
CUST1014,20,Female,Medium,Others,9029.0,Credit Card,2024-01-15
CUST1015,39,Male,High,Bills,4827.13,Cash,2024-01-16
CUST1016,19,Female,Medium,Entertainment,7527.71,UPI,2024-01-17
CUST1017,41,Male,Low,Food,4622.67,Cash,2024-01-18
CUST1018,47,Male,Low,Entertainment,1556.6,Credit Card,2024-01-19
CUST1019,55,Male,Low,Travel,12108.63,Credit Card,2024-01-20
CUST1020,19,Male,Low,Shopping,13397.43,Cash,2024-01-21
CUST1021,38,Female,Low,Food,12427.86,Credit Card,2024-01-22
CUST1022,50,Female,Low,Travel,9323.53,Debit Card,2024-01-23
CUST1023,29,Male,Low,Travel,7657.74,Debit Card,2024-01-24
CUST1024,39,Male,Low,Food,17280.34,Credit Card,2024-01-25
CUST1025,42,Male,High,Entertainment,10429.73,Debit Card,2024-01-26
CUST1026,44,Female,Low,Others,9635.72,UPI,2024-01-27
CUST1027,59,Male,Medium,Travel,610.28,Cash,2024-01-28
CUST1028,45,Male,Medium,Bills,6890.83,UPI,2024-01-29
CUST1029,33,Female,High,Travel,7665.89,Cash,2024-01-30
CUST1030,32,Female,Low,Others,8036.57,Credit Card,2024-01-31
CUST1031,20,Male,Medium,Entertainment,11645.43,UPI,2024-02-01
CUST1032,54,Female,High,Entertainment,10718.69,Credit Card,2024-02-02
CUST1033,24,Female,High,Bills,12197.31,Credit Card,2024-02-03
CUST1034,38,Male,High,Travel,15321.18,Cash,2024-02-04
CUST1035,26,Female,Low,Entertainment,16278.42,Cash,2024-02-05
CUST1036,56,Male,Low,Others,14390.65,Cash,2024-02-06
CUST1037,35,Female,Medium,Food,19114.92,UPI,2024-02-07
CUST1038,21,Male,High,Shopping,462.83,Debit Card,2024-02-08
CUST1039,42,Male,Medium,Shopping,3995.98,Cash,2024-02-09
CUST1040,31,Male,Medium,Shopping,250.5,Cash,2024-02-10
CUST1041,26,Female,Low,Travel,12984.75,UPI,2024-02-11
CUST1042,43,Male,Medium,Bills,17970.81,Cash,2024-02-12
CUST1043,19,Female,Low,Entertainment,4945.3,UPI,2024-02-13
CUST1044,37,Male,Medium,Food,18547.99,Credit Card,2024-02-14
CUST1045,45,Male,Medium,Others,1299.32,Cash,2024-02-15
CUST1046,24,Female,Medium,Food,18695.28,Cash,2024-02-16
CUST1047,25,Male,Low,Others,7097.29,Credit Card,2024-02-17
CUST1048,52,Male,Low,Travel,2118.27,Credit Card,2024-02-18
CUST1049,31,Female,Medium,Shopping,9768.85,Credit Card,2024-02-19
CUST1050,34,Male,Low,Travel,5209.85,Cash,2024-02-20
CUST1051,53,Male,Medium,Bills,5768.97,Debit Card,2024-02-21
CUST1052,57,Male,Low,Bills,6215.07,Debit Card,2024-02-22
CUST1053,21,Male,Medium,Others,16080.22,Debit Card,2024-02-23
CUST1054,19,Female,Medium,Entertainment,10829.31,Cash,2024-02-24
CUST1055,23,Female,Low,Entertainment,6295.02,Credit Card,2024-02-25
CUST1056,59,Male,Medium,Others,12245.64,Cash,2024-02-26
CUST1057,21,Female,Low,Bills,14351.4,Credit Card,2024-02-27
CUST1058,46,Male,Low,Bills,5525.22,Cash,2024-02-28
CUST1059,35,Female,High,Bills,8329.63,Cash,2024-02-29
CUST1060,43,Male,Medium,Travel,2525.53,Credit Card,2024-03-01
CUST1061,51,Male,High,Bills,3704.87,Debit Card,2024-03-02
CUST1062,27,Male,Low,Food,13654.25,Credit Card,2024-03-03
CUST1063,53,Male,Medium,Shopping,3710.62,UPI,2024-03-04
CUST1064,31,Male,Medium,Bills,10550.75,UPI,2024-03-05
CUST1065,48,Male,Medium,Others,14210.02,Credit Card,2024-03-06
CUST1066,32,Female,Medium,Shopping,2226.85,Cash,2024-03-07
CUST1067,25,Male,Medium,Travel,11389.51,UPI,2024-03-08
CUST1068,31,Female,Medium,Others,5205.6,UPI,2024-03-09
CUST1069,40,Male,High,Shopping,19262.24,Cash,2024-03-10
CUST1070,57,Female,High,Others,9722.56,Cash,2024-03-11
CUST1071,38,Female,High,Travel,16139.25,Debit Card,2024-03-12
CUST1072,33,Female,Low,Food,11049.51,Cash,2024-03-13
CUST1073,35,Male,Medium,Travel,963.91,Credit Card,2024-03-14
CUST1074,41,Male,High,Travel,12699.71,Credit Card,2024-03-15
CUST1075,43,Female,Low,Others,19032.93,Debit Card,2024-03-16
CUST1076,42,Male,Low,Entertainment,12072.08,UPI,2024-03-17
CUST1077,58,Female,Medium,Bills,16401.86,UPI,2024-03-18
CUST1078,46,Male,Medium,Bills,17695.71,Cash,2024-03-19
CUST1079,32,Female,High,Food,4638.79,Credit Card,2024-03-20
CUST1080,18,Female,Low,Food,4319.69,UPI,2024-03-21
CUST1081,42,Male,Medium,Bills,12258.52,Debit Card,2024-03-22
CUST1082,24,Female,Low,Entertainment,8279.47,Debit Card,2024-03-23
CUST1083,26,Male,Low,Bills,16813.24,Credit Card,2024-03-24
CUST1084,41,Female,Low,Entertainment,18010.46,Debit Card,2024-03-25
CUST1085,18,Female,High,Food,7133.09,Debit Card,2024-03-26
CUST1086,25,Male,Medium,Shopping,4813.72,Credit Card,2024-03-27
CUST1087,41,Male,Medium,Others,15632.46,Cash,2024-03-28
CUST1088,28,Male,Medium,Food,5568.64,Cash,2024-03-29
CUST1089,34,Female,High,Food,16470.02,Debit Card,2024-03-30
CUST1090,25,Male,Medium,Travel,8532.39,Cash,2024-03-31
CUST1091,52,Female,High,Travel,13384.24,Cash,2024-04-01
CUST1092,52,Female,Medium,Travel,2001.15,Debit Card,2024-04-02
CUST1093,50,Male,Medium,Others,12514.8,Cash,2024-04-03
CUST1094,22,Male,Medium,Travel,9090.18,Debit Card,2024-04-04
CUST1095,59,Female,Medium,Entertainment,11773.51,UPI,2024-04-05
CUST1096,56,Female,Medium,Bills,3443.48,Credit Card,2024-04-06
CUST1097,58,Male,Medium,Shopping,14763.79,Credit Card,2024-04-07
CUST1098,45,Male,Low,Food,17269.66,Cash,2024-04-08
CUST1099,24,Male,High,Entertainment,4413.12,Cash,2024-04-09
CUST1100,26,Male,Medium,Shopping,2004.72,Cash,2024-04-10
CUST1101,25,Male,Medium,Entertainment,570.41,Credit Card,2024-04-11
CUST1102,29,Female,High,Entertainment,12875.23,UPI,2024-04-12
CUST1103,51,Female,Medium,Food,12181.17,UPI,2024-04-13
CUST1104,50,Female,Low,Bills,10979.28,Credit Card,2024-04-14
CUST1105,40,Female,High,Travel,4715.75,UPI,2024-04-15
CUST1106,41,Male,Medium,Others,7879.03,Credit Card,2024-04-16
CUST1107,54,Male,Medium,Bills,11930.08,UPI,2024-04-17
CUST1108,52,Male,Low,Others,9985.66,Debit Card,2024-04-18
CUST1109,57,Female,Medium,Food,19756.93,Debit Card,2024-04-19
CUST1110,39,Female,Medium,Food,2815.15,Credit Card,2024-04-20
CUST1111,44,Male,Medium,Food,13933.38,UPI,2024-04-21
CUST1112,52,Male,High,Shopping,8145.94,Cash,2024-04-22
CUST1113,18,Female,Medium,Others,8621.17,UPI,2024-04-23
CUST1114,52,Female,Low,Bills,14380.2,Debit Card,2024-04-24
CUST1115,54,Male,Medium,Bills,13879.48,Debit Card,2024-04-25
CUST1116,31,Male,Low,Entertainment,19825.99,UPI,2024-04-26
CUST1117,20,Female,Medium,Entertainment,2655.05,UPI,2024-04-27
CUST1118,18,Male,Low,Entertainment,2171.78,Cash,2024-04-28
CUST1119,22,Male,Medium,Food,14514.34,Cash,2024-04-29
CUST1120,43,Male,Medium,Bills,11609.9,UPI,2024-04-30
CUST1121,31,Female,High,Others,5555.8,UPI,2024-05-01
CUST1122,56,Female,Medium,Food,1680.45,UPI,2024-05-02
CUST1123,44,Female,High,Shopping,1804.6,UPI,2024-05-03
CUST1124,26,Female,Low,Entertainment,17894.4,Credit Card,2024-05-04
CUST1125,32,Female,High,Food,3918.16,UPI,2024-05-05
CUST1126,32,Female,Low,Food,6535.09,Cash,2024-05-06
CUST1127,43,Female,Medium,Shopping,4610.46,Debit Card,2024-05-07
CUST1128,59,Male,Medium,Travel,7164.43,Credit Card,2024-05-08
CUST1129,30,Male,Low,Bills,1481.53,UPI,2024-05-09
CUST1130,49,Male,Low,Others,10429.29,Debit Card,2024-05-10
CUST1131,56,Male,Medium,Travel,1445.49,Credit Card,2024-05-11
CUST1132,49,Male,Medium,Entertainment,16027.09,Debit Card,2024-05-12
CUST1133,21,Male,Medium,Food,4750.87,UPI,2024-05-13
CUST1134,47,Male,Medium,Shopping,10846.24,UPI,2024-05-14
CUST1135,54,Female,Medium,Shopping,17613.57,Cash,2024-05-15
CUST1136,40,Female,Low,Bills,13052.46,UPI,2024-05-16
CUST1137,56,Male,Medium,Travel,10705.86,UPI,2024-05-17
CUST1138,32,Male,Low,Bills,6554.24,Credit Card,2024-05-18
CUST1139,46,Female,High,Food,6726.74,Cash,2024-05-19
CUST1140,53,Male,Medium,Bills,13422.79,Credit Card,2024-05-20
CUST1141,30,Male,Medium,Others,19883.37,Debit Card,2024-05-21
CUST1142,49,Female,Medium,Shopping,13270.6,UPI,2024-05-22
CUST1143,24,Male,High,Shopping,11199.89,Debit Card,2024-05-23
CUST1144,39,Female,Low,Entertainment,14639.95,Credit Card,2024-05-24
CUST1145,45,Male,Medium,Entertainment,9357.59,UPI,2024-05-25
CUST1146,19,Female,Medium,Food,1296.83,UPI,2024-05-26
CUST1147,59,Female,Medium,Others,11289.71,Credit Card,2024-05-27
CUST1148,23,Female,Low,Travel,19156.74,Credit Card,2024-05-28
CUST1149,45,Male,High,Bills,3588.53,Credit Card,2024-05-29
CUST1150,45,Female,High,Food,13831.1,Credit Card,2024-05-30
CUST1151,37,Male,Medium,Entertainment,4098.58,Credit Card,2024-05-31
CUST1152,47,Male,Medium,Bills,10762.97,UPI,2024-06-01
CUST1153,28,Male,High,Entertainment,2023.86,Credit Card,2024-06-02
CUST1154,45,Male,Medium,Bills,9062.38,UPI,2024-06-03
CUST1155,42,Female,Low,Travel,15147.65,UPI,2024-06-04
CUST1156,56,Female,Medium,Food,7016.67,Credit Card,2024-06-05
CUST1157,50,Male,Medium,Bills,13331.74,Credit Card,2024-06-06
CUST1158,18,Male,Medium,Others,15929.45,Cash,2024-06-07
CUST1159,44,Female,Medium,Shopping,18550.84,UPI,2024-06-08
CUST1160,30,Male,High,Others,4769.38,Credit Card,2024-06-09
CUST1161,58,Female,High,Others,8046.39,Credit Card,2024-06-10
CUST1162,20,Male,Medium,Shopping,3133.08,Credit Card,2024-06-11
CUST1163,56,Male,Low,Others,19850.42,Cash,2024-06-12
CUST1164,23,Female,High,Bills,18547.32,Cash,2024-06-13
CUST1165,25,Male,High,Bills,10845.15,Debit Card,2024-06-14
CUST1166,44,Female,Low,Bills,16856.46,UPI,2024-06-15
CUST1167,26,Male,High,Shopping,10467.06,Debit Card,2024-06-16
CUST1168,54,Male,High,Others,12509.36,Credit Card,2024-06-17
CUST1169,50,Male,Medium,Shopping,1873.58,Cash,2024-06-18
CUST1170,59,Female,Medium,Bills,15129.88,Cash,2024-06-19
CUST1171,41,Male,Medium,Others,2641.5,Debit Card,2024-06-20
CUST1172,32,Male,Low,Others,16538.75,Cash,2024-06-21
CUST1173,49,Male,Medium,Entertainment,15662.36,Credit Card,2024-06-22
CUST1174,49,Male,High,Entertainment,14204.02,Cash,2024-06-23
CUST1175,41,Female,Low,Travel,819.59,Debit Card,2024-06-24
CUST1176,58,Female,Medium,Food,6132.25,Credit Card,2024-06-25
CUST1177,29,Male,Medium,Entertainment,5335.94,Debit Card,2024-06-26
CUST1178,56,Female,Medium,Shopping,7266.71,Cash,2024-06-27
CUST1179,19,Male,High,Entertainment,1844.09,Debit Card,2024-06-28
CUST1180,20,Male,Medium,Travel,18745.46,Debit Card,2024-06-29
CUST1181,54,Male,Medium,Others,11120.66,UPI,2024-06-30
CUST1182,34,Female,Medium,Travel,6179.93,Cash,2024-07-01
CUST1183,19,Female,Medium,Others,7999.93,Cash,2024-07-02
CUST1184,19,Female,Low,Others,8999.33,Debit Card,2024-07-03
CUST1185,45,Female,Medium,Food,12051.83,UPI,2024-07-04
CUST1186,40,Female,Low,Entertainment,10362.02,Cash,2024-07-05
CUST1187,54,Female,Low,Shopping,18395.9,Credit Card,2024-07-06
CUST1188,49,Female,Medium,Shopping,9989.57,Debit Card,2024-07-07
CUST1189,50,Female,Medium,Bills,19843.94,Cash,2024-07-08
CUST1190,18,Female,High,Others,17043.36,Credit Card,2024-07-09
CUST1191,36,Male,Medium,Shopping,4249.36,Cash,2024-07-10
CUST1192,19,Female,Medium,Food,18618.84,Credit Card,2024-07-11
CUST1193,43,Female,Medium,Others,2415.69,Debit Card,2024-07-12
CUST1194,49,Female,Low,Food,16367.25,Cash,2024-07-13
CUST1195,23,Female,Medium,Shopping,7674.4,Cash,2024-07-14
CUST1196,49,Female,Low,Shopping,17571.69,UPI,2024-07-15
CUST1197,21,Female,High,Bills,17374.33,Debit Card,2024-07-16
CUST1198,28,Female,Low,Shopping,16137.92,Credit Card,2024-07-17
CUST1199,34,Female,Medium,Others,15821.61,Cash,2024-07-18
CUST1200,55,Female,Low,Others,6163.11,Cash,2024-07-19
CUST1201,41,Female,High,Others,1710.29,Credit Card,2024-07-20
CUST1202,22,Female,Medium,Bills,8119.31,Debit Card,2024-07-21
CUST1203,51,Male,Medium,Bills,3553.14,UPI,2024-07-22
CUST1204,23,Male,Low,Shopping,13929.53,UPI,2024-07-23
CUST1205,39,Female,Medium,Travel,6987.38,Cash,2024-07-24
CUST1206,28,Female,Low,Travel,19514.64,Credit Card,2024-07-25
CUST1207,33,Male,High,Bills,12855.34,Cash,2024-07-26
CUST1208,50,Female,Low,Shopping,16467.36,Credit Card,2024-07-27
CUST1209,26,Male,Low,Travel,2737.24,UPI,2024-07-28
CUST1210,23,Male,Low,Shopping,17254.09,Debit Card,2024-07-29
CUST1211,33,Male,Medium,Shopping,18462.87,Credit Card,2024-07-30
CUST1212,46,Male,Medium,Shopping,9792.53,UPI,2024-07-31
CUST1213,20,Male,Low,Entertainment,12164.43,Cash,2024-08-01
CUST1214,37,Female,Medium,Others,15319.72,Credit Card,2024-08-02
CUST1215,53,Male,Medium,Shopping,3579.29,Debit Card,2024-08-03
CUST1216,36,Female,Medium,Entertainment,10101.06,Cash,2024-08-04
CUST1217,43,Female,Medium,Bills,8033.39,Cash,2024-08-05
CUST1218,20,Male,Medium,Travel,3012.84,UPI,2024-08-06
CUST1219,36,Male,Medium,Others,7413.94,Credit Card,2024-08-07
CUST1220,37,Female,Low,Travel,1456.63,Cash,2024-08-08
CUST1221,49,Male,Low,Others,613.66,Debit Card,2024-08-09
CUST1222,24,Male,High,Travel,2789.81,Credit Card,2024-08-10
CUST1223,58,Female,High,Others,19265.99,Debit Card,2024-08-11
CUST1224,50,Female,Medium,Travel,11035.64,Cash,2024-08-12
CUST1225,57,Male,Low,Travel,19319.86,Debit Card,2024-08-13
CUST1226,56,Female,Medium,Travel,8706.71,UPI,2024-08-14
CUST1227,35,Male,Medium,Travel,6305.14,Debit Card,2024-08-15
CUST1228,57,Male,Low,Bills,10172.22,Credit Card,2024-08-16
CUST1229,18,Male,Low,Shopping,8846.28,Debit Card,2024-08-17
CUST1230,28,Female,Medium,Food,2202.73,Debit Card,2024-08-18
CUST1231,45,Female,Medium,Entertainment,12852.44,UPI,2024-08-19
CUST1232,42,Female,Low,Food,4399.16,Debit Card,2024-08-20
CUST1233,40,Female,Low,Food,12429.8,Debit Card,2024-08-21
CUST1234,48,Female,Low,Others,13039.0,Cash,2024-08-22
CUST1235,47,Male,Medium,Shopping,3125.29,Cash,2024-08-23
CUST1236,59,Male,Low,Others,1320.86,Credit Card,2024-08-24
CUST1237,52,Male,Low,Shopping,15637.16,Cash,2024-08-25
CUST1238,24,Male,Medium,Shopping,9250.03,Cash,2024-08-26
CUST1239,33,Female,Low,Travel,1257.46,Cash,2024-08-27
CUST1240,43,Male,Medium,Bills,19897.84,Cash,2024-08-28
CUST1241,19,Female,Low,Travel,1249.83,UPI,2024-08-29
CUST1242,18,Male,Low,Bills,13931.2,Cash,2024-08-30
CUST1243,29,Female,Low,Others,19675.21,UPI,2024-08-31
CUST1244,22,Female,Medium,Bills,4859.68,UPI,2024-09-01
CUST1245,54,Male,High,Others,2930.76,Cash,2024-09-02
CUST1246,49,Male,High,Food,2515.56,Debit Card,2024-09-03
CUST1247,26,Male,Medium,Food,6135.18,UPI,2024-09-04
CUST1248,58,Male,Medium,Bills,2110.81,Debit Card,2024-09-05
CUST1249,52,Female,Low,Bills,13874.01,Debit Card,2024-09-06
CUST1250,36,Male,Low,Others,1339.61,Cash,2024-09-07
CUST1251,33,Male,High,Travel,10237.5,Credit Card,2024-09-08
CUST1252,20,Female,Low,Others,19934.27,Cash,2024-09-09
CUST1253,37,Male,Low,Travel,16298.01,Credit Card,2024-09-10
CUST1254,41,Male,Low,Food,12342.87,Credit Card,2024-09-11
CUST1255,50,Male,Low,Shopping,6194.45,Cash,2024-09-12
CUST1256,41,Male,Low,Bills,12515.53,Cash,2024-09-13
CUST1257,28,Male,Medium,Travel,10588.13,Credit Card,2024-09-14
CUST1258,25,Female,Medium,Others,8579.06,Cash,2024-09-15
CUST1259,53,Male,High,Food,2701.14,Credit Card,2024-09-16
CUST1260,55,Male,High,Travel,17743.42,Debit Card,2024-09-17
CUST1261,57,Male,Medium,Others,9050.71,Cash,2024-09-18
CUST1262,37,Male,Low,Bills,3972.99,Debit Card,2024-09-19
CUST1263,52,Male,Medium,Bills,7418.41,UPI,2024-09-20
CUST1264,42,Female,Medium,Entertainment,8341.18,Debit Card,2024-09-21
CUST1265,52,Male,Low,Shopping,16568.0,Debit Card,2024-09-22
CUST1266,42,Female,Medium,Entertainment,14698.93,Credit Card,2024-09-23
CUST1267,46,Female,Medium,Food,15409.17,Debit Card,2024-09-24
CUST1268,35,Male,Medium,Travel,319.52,Cash,2024-09-25
CUST1269,35,Male,Medium,Food,8381.46,Credit Card,2024-09-26
CUST1270,19,Male,Low,Others,9678.75,UPI,2024-09-27
CUST1271,52,Male,High,Bills,481.93,Cash,2024-09-28
CUST1272,33,Female,Medium,Entertainment,5270.28,UPI,2024-09-29
CUST1273,58,Male,Low,Entertainment,15229.77,Debit Card,2024-09-30
CUST1274,53,Male,High,Entertainment,2828.48,Cash,2024-10-01
CUST1275,50,Male,Medium,Food,10752.67,Cash,2024-10-02
CUST1276,21,Male,High,Bills,4382.52,UPI,2024-10-03
CUST1277,50,Male,Medium,Travel,341.2,Cash,2024-10-04
CUST1278,31,Male,Medium,Others,4899.91,Cash,2024-10-05
CUST1279,38,Female,Low,Travel,19519.89,Cash,2024-10-06
CUST1280,37,Female,Low,Food,16050.59,Debit Card,2024-10-07
CUST1281,25,Male,Medium,Others,19195.58,UPI,2024-10-08
CUST1282,24,Male,Medium,Entertainment,9808.3,Cash,2024-10-09
CUST1283,20,Male,Low,Shopping,2283.75,Credit Card,2024-10-10
CUST1284,34,Female,Low,Food,11004.39,Credit Card,2024-10-11
CUST1285,50,Male,High,Food,9142.11,Credit Card,2024-10-12
CUST1286,29,Female,High,Bills,16902.71,Credit Card,2024-10-13
CUST1287,39,Male,Medium,Travel,2051.84,Debit Card,2024-10-14
CUST1288,39,Male,Low,Food,9816.0,Cash,2024-10-15
CUST1289,47,Male,Low,Food,3085.97,UPI,2024-10-16
CUST1290,55,Male,Low,Entertainment,6561.05,Cash,2024-10-17
CUST1291,55,Female,High,Entertainment,14773.41,Debit Card,2024-10-18
CUST1292,25,Female,Low,Others,9572.76,Credit Card,2024-10-19
CUST1293,44,Male,Medium,Shopping,7580.18,Debit Card,2024-10-20
CUST1294,44,Male,Low,Bills,7950.08,Cash,2024-10-21
CUST1295,51,Female,Medium,Shopping,9242.99,UPI,2024-10-22
CUST1296,38,Female,Medium,Others,15721.83,Debit Card,2024-10-23
CUST1297,47,Female,High,Entertainment,17852.49,UPI,2024-10-24
CUST1298,50,Female,Low,Travel,19111.16,Debit Card,2024-10-25
CUST1299,45,Male,Low,Entertainment,15759.38,UPI,2024-10-26
CUST1300,50,Female,Low,Bills,6376.6,UPI,2024-10-27
CUST1301,22,Male,High,Entertainment,13793.88,Credit Card,2024-10-28
CUST1302,36,Female,High,Bills,8808.3,UPI,2024-10-29
CUST1303,21,Female,Medium,Bills,5167.95,Credit Card,2024-10-30
CUST1304,52,Female,Medium,Bills,16833.34,Cash,2024-10-31
CUST1305,34,Female,Medium,Others,864.68,Cash,2024-11-01
CUST1306,45,Female,Low,Bills,18045.06,Credit Card,2024-11-02
CUST1307,47,Male,High,Bills,9283.4,Credit Card,2024-11-03
CUST1308,46,Male,Medium,Travel,12780.31,Debit Card,2024-11-04
CUST1309,23,Female,Medium,Shopping,13221.14,Debit Card,2024-11-05
CUST1310,52,Female,Medium,Food,17912.84,Debit Card,2024-11-06
CUST1311,58,Male,Low,Shopping,12769.73,Cash,2024-11-07
CUST1312,54,Female,Low,Bills,12317.28,Debit Card,2024-11-08
CUST1313,41,Female,Medium,Travel,1426.38,UPI,2024-11-09
CUST1314,46,Male,Low,Entertainment,10416.32,UPI,2024-11-10
CUST1315,48,Female,Medium,Travel,3088.36,Debit Card,2024-11-11
CUST1316,52,Female,Low,Bills,14774.93,UPI,2024-11-12
CUST1317,50,Male,Medium,Travel,10293.22,Cash,2024-11-13
CUST1318,38,Male,Low,Travel,13636.53,UPI,2024-11-14
CUST1319,49,Male,Medium,Bills,929.29,Cash,2024-11-15
CUST1320,40,Female,Medium,Others,1787.36,Credit Card,2024-11-16
CUST1321,50,Male,Low,Travel,14354.84,Credit Card,2024-11-17
CUST1322,20,Male,Medium,Food,1534.48,Credit Card,2024-11-18
CUST1323,35,Male,Medium,Food,1518.01,Credit Card,2024-11-19
CUST1324,42,Male,Medium,Travel,340.96,UPI,2024-11-20
CUST1325,59,Male,High,Others,19134.38,Debit Card,2024-11-21
CUST1326,48,Male,Medium,Entertainment,14776.42,UPI,2024-11-22
CUST1327,20,Female,Low,Bills,7129.7,Cash,2024-11-23
CUST1328,57,Female,Low,Food,6001.06,UPI,2024-11-24
CUST1329,41,Male,Low,Entertainment,7059.09,UPI,2024-11-25
CUST1330,49,Male,Medium,Travel,15515.61,Cash,2024-11-26
CUST1331,39,Male,Low,Entertainment,13261.28,Credit Card,2024-11-27
CUST1332,40,Female,Medium,Shopping,3785.39,Credit Card,2024-11-28
CUST1333,19,Female,Medium,Food,3564.78,Credit Card,2024-11-29
CUST1334,44,Female,Medium,Travel,2058.07,Debit Card,2024-11-30
CUST1335,59,Female,Medium,Bills,13240.02,Cash,2024-12-01
CUST1336,19,Female,Low,Others,15311.02,Cash,2024-12-02
CUST1337,43,Female,Low,Travel,5374.42,UPI,2024-12-03
CUST1338,34,Female,Medium,Bills,516.8,Debit Card,2024-12-04
CUST1339,57,Female,Medium,Others,1735.22,Credit Card,2024-12-05
CUST1340,50,Female,Medium,Others,19360.41,Debit Card,2024-12-06
CUST1341,26,Male,Medium,Travel,5979.35,Cash,2024-12-07
CUST1342,56,Male,Low,Entertainment,15407.54,Cash,2024-12-08
CUST1343,46,Male,High,Entertainment,12530.81,UPI,2024-12-09
CUST1344,59,Male,Medium,Others,7700.6,UPI,2024-12-10
CUST1345,43,Female,Medium,Entertainment,4193.18,Cash,2024-12-11
CUST1346,52,Female,Low,Shopping,2515.59,Credit Card,2024-12-12
CUST1347,42,Male,Medium,Others,12338.76,Credit Card,2024-12-13
CUST1348,41,Female,Medium,Others,15515.21,Debit Card,2024-12-14
CUST1349,30,Male,Low,Bills,12913.69,Cash,2024-12-15
CUST1350,24,Female,High,Entertainment,10653.01,Cash,2024-12-16
CUST1351,53,Male,Low,Others,934.83,Credit Card,2024-12-17
CUST1352,37,Female,High,Shopping,19372.93,Credit Card,2024-12-18
CUST1353,18,Female,Medium,Bills,15994.41,Cash,2024-12-19
CUST1354,25,Male,Low,Travel,5927.16,UPI,2024-12-20
CUST1355,33,Female,Medium,Others,19601.41,Cash,2024-12-21
CUST1356,31,Male,High,Shopping,12077.44,Cash,2024-12-22
CUST1357,29,Male,Medium,Food,11690.21,Credit Card,2024-12-23
CUST1358,40,Male,High,Shopping,14986.66,Credit Card,2024-12-24
CUST1359,32,Male,Medium,Shopping,16254.22,UPI,2024-12-25
CUST1360,45,Female,Medium,Bills,13163.92,UPI,2024-12-26
CUST1361,51,Female,High,Travel,2649.11,Debit Card,2024-12-27
CUST1362,19,Female,Low,Food,6831.52,Cash,2024-12-28
CUST1363,49,Male,Medium,Entertainment,18568.86,Credit Card,2024-12-29
CUST1364,40,Female,Low,Entertainment,4569.85,UPI,2024-12-30
CUST1365,39,Male,High,Shopping,7506.12,Debit Card,2024-12-31
CUST1366,42,Female,High,Bills,8698.33,Debit Card,2025-01-01
CUST1367,39,Female,Low,Bills,8844.16,Credit Card,2025-01-02
CUST1368,39,Female,Medium,Entertainment,12297.5,Credit Card,2025-01-03
CUST1369,59,Male,High,Food,18867.21,Debit Card,2025-01-04
CUST1370,23,Female,Low,Travel,4889.78,UPI,2025-01-05
CUST1371,32,Female,Medium,Food,2517.88,Debit Card,2025-01-06
CUST1372,54,Male,High,Others,4029.66,Cash,2025-01-07
CUST1373,50,Female,Low,Others,17749.81,Cash,2025-01-08
CUST1374,25,Male,Medium,Travel,12951.64,Credit Card,2025-01-09
CUST1375,22,Female,Low,Entertainment,5789.55,UPI,2025-01-10
CUST1376,56,Male,High,Travel,16337.34,UPI,2025-01-11
CUST1377,21,Male,High,Bills,17241.26,Cash,2025-01-12
CUST1378,23,Female,High,Others,16945.64,Debit Card,2025-01-13
CUST1379,49,Male,Medium,Shopping,18386.64,Credit Card,2025-01-14
CUST1380,47,Male,High,Shopping,5119.6,Debit Card,2025-01-15
CUST1381,52,Male,High,Entertainment,15125.33,Debit Card,2025-01-16
CUST1382,57,Male,Medium,Bills,9264.74,Debit Card,2025-01-17
CUST1383,33,Male,High,Food,16855.77,UPI,2025-01-18
CUST1384,30,Male,Low,Bills,14596.96,Cash,2025-01-19
CUST1385,59,Female,Medium,Shopping,15551.3,UPI,2025-01-20
CUST1386,47,Male,Low,Shopping,13157.62,Cash,2025-01-21
CUST1387,36,Male,Low,Others,3630.83,Credit Card,2025-01-22
CUST1388,34,Female,Low,Bills,10946.04,Credit Card,2025-01-23
CUST1389,36,Female,Medium,Bills,19694.93,Debit Card,2025-01-24
CUST1390,45,Female,Medium,Shopping,18754.02,Cash,2025-01-25
CUST1391,43,Female,Medium,Food,959.16,Cash,2025-01-26
CUST1392,54,Female,Low,Entertainment,3379.81,Cash,2025-01-27
CUST1393,43,Female,Medium,Entertainment,2721.4,Debit Card,2025-01-28
CUST1394,40,Female,Medium,Bills,14547.0,Debit Card,2025-01-29
CUST1395,26,Male,Medium,Entertainment,16373.93,Credit Card,2025-01-30
CUST1396,29,Male,Medium,Shopping,4348.88,UPI,2025-01-31
CUST1397,18,Female,Medium,Shopping,10166.47,Cash,2025-02-01
CUST1398,18,Male,High,Bills,16829.99,Cash,2025-02-02
CUST1399,51,Male,Medium,Bills,14682.75,UPI,2025-02-03
CUST1400,49,Male,Low,Others,10890.52,Cash,2025-02-04
CUST1401,42,Female,Low,Bills,11847.92,Debit Card,2025-02-05
CUST1402,57,Female,High,Food,10216.37,Debit Card,2025-02-06
CUST1403,18,Male,Low,Entertainment,6021.21,Cash,2025-02-07
CUST1404,33,Female,High,Bills,11343.94,Debit Card,2025-02-08
CUST1405,56,Male,Medium,Travel,13808.82,Debit Card,2025-02-09
CUST1406,22,Male,High,Others,17479.13,Cash,2025-02-10
CUST1407,39,Male,Medium,Travel,12762.2,Credit Card,2025-02-11
CUST1408,46,Male,High,Shopping,15246.32,UPI,2025-02-12
CUST1409,20,Female,Medium,Entertainment,3285.43,Debit Card,2025-02-13
CUST1410,29,Female,Medium,Bills,9284.99,Credit Card,2025-02-14
CUST1411,43,Female,Medium,Travel,285.7,Debit Card,2025-02-15
CUST1412,33,Male,Medium,Entertainment,5008.91,Debit Card,2025-02-16
CUST1413,54,Female,Medium,Shopping,14556.59,UPI,2025-02-17
CUST1414,39,Male,High,Food,19837.02,Debit Card,2025-02-18
CUST1415,46,Female,High,Others,2073.64,UPI,2025-02-19
CUST1416,31,Male,Medium,Entertainment,8089.74,UPI,2025-02-20
CUST1417,45,Male,Medium,Entertainment,16021.41,UPI,2025-02-21
CUST1418,22,Male,Medium,Food,4160.31,Credit Card,2025-02-22
CUST1419,47,Female,Medium,Entertainment,11146.19,Cash,2025-02-23
CUST1420,22,Female,Low,Shopping,14688.12,Credit Card,2025-02-24
CUST1421,29,Female,Low,Shopping,12358.11,Cash,2025-02-25
CUST1422,33,Female,Medium,Food,3841.69,Cash,2025-02-26
CUST1423,43,Male,Low,Others,7172.15,UPI,2025-02-27
CUST1424,43,Female,Low,Bills,15697.46,Debit Card,2025-02-28
CUST1425,38,Female,Low,Travel,11129.11,UPI,2025-03-01
CUST1426,56,Male,Low,Bills,204.07,Debit Card,2025-03-02
CUST1427,53,Male,Low,Entertainment,15243.72,Cash,2025-03-03
CUST1428,50,Male,High,Travel,802.7,UPI,2025-03-04
CUST1429,47,Female,Medium,Food,14940.1,Debit Card,2025-03-05
CUST1430,54,Male,Medium,Food,4129.36,Credit Card,2025-03-06
CUST1431,40,Male,Medium,Others,19165.66,Debit Card,2025-03-07
CUST1432,27,Male,Low,Travel,7422.02,UPI,2025-03-08
CUST1433,22,Female,High,Shopping,6605.94,Credit Card,2025-03-09
CUST1434,53,Male,Medium,Travel,3062.87,Debit Card,2025-03-10
CUST1435,51,Female,Low,Entertainment,6181.52,Debit Card,2025-03-11
CUST1436,48,Female,Medium,Shopping,17545.35,Debit Card,2025-03-12
CUST1437,27,Male,High,Food,19927.05,Debit Card,2025-03-13
CUST1438,36,Male,High,Travel,7429.36,Debit Card,2025-03-14
CUST1439,49,Female,Medium,Bills,9027.35,Credit Card,2025-03-15
CUST1440,18,Male,Medium,Others,14469.21,Cash,2025-03-16
CUST1441,22,Male,Low,Bills,17735.3,Credit Card,2025-03-17
CUST1442,21,Female,High,Others,11901.58,Credit Card,2025-03-18
CUST1443,33,Female,Low,Entertainment,7891.36,Credit Card,2025-03-19
CUST1444,41,Male,High,Bills,8311.17,Cash,2025-03-20
CUST1445,33,Female,Medium,Travel,13942.8,UPI,2025-03-21
CUST1446,19,Male,Medium,Travel,164.04,Cash,2025-03-22
CUST1447,45,Male,Medium,Bills,12429.83,Credit Card,2025-03-23
CUST1448,49,Male,Low,Travel,7174.31,Debit Card,2025-03-24
CUST1449,44,Female,Low,Entertainment,15904.53,Debit Card,2025-03-25
CUST1450,37,Male,Low,Shopping,1950.51,Credit Card,2025-03-26
CUST1451,41,Male,Low,Entertainment,11805.23,Debit Card,2025-03-27
CUST1452,29,Male,Medium,Others,9671.36,Credit Card,2025-03-28
CUST1453,52,Female,Medium,Entertainment,12882.28,Debit Card,2025-03-29
CUST1454,50,Female,Low,Others,1390.59,Cash,2025-03-30
CUST1455,50,Female,High,Travel,11641.68,UPI,2025-03-31
CUST1456,54,Female,High,Shopping,11273.54,UPI,2025-04-01
CUST1457,29,Female,High,Travel,11257.14,Cash,2025-04-02
CUST1458,20,Male,High,Food,12109.4,Cash,2025-04-03
CUST1459,18,Female,Low,Travel,13561.71,Credit Card,2025-04-04
CUST1460,50,Female,Medium,Others,16119.28,Credit Card,2025-04-05
CUST1461,57,Female,Medium,Travel,5469.43,Credit Card,2025-04-06
CUST1462,27,Male,Medium,Travel,16518.48,Debit Card,2025-04-07
CUST1463,46,Female,Low,Shopping,10015.29,Credit Card,2025-04-08
CUST1464,30,Female,High,Travel,1633.46,Cash,2025-04-09
CUST1465,29,Male,Low,Shopping,1265.16,UPI,2025-04-10
CUST1466,48,Female,Low,Bills,6751.34,Debit Card,2025-04-11
CUST1467,19,Male,Medium,Food,15719.45,Credit Card,2025-04-12
CUST1468,52,Male,Medium,Shopping,14182.85,Debit Card,2025-04-13
CUST1469,40,Male,Medium,Others,15793.44,Debit Card,2025-04-14
CUST1470,34,Male,Low,Bills,10393.65,Credit Card,2025-04-15
CUST1471,43,Male,High,Shopping,8859.96,Debit Card,2025-04-16
CUST1472,25,Female,Low,Shopping,3034.31,UPI,2025-04-17
CUST1473,46,Male,Low,Food,6631.04,Cash,2025-04-18
CUST1474,43,Male,High,Others,8736.99,Cash,2025-04-19
CUST1475,27,Female,High,Entertainment,1863.15,UPI,2025-04-20
CUST1476,43,Male,High,Entertainment,4490.18,Debit Card,2025-04-21
CUST1477,51,Female,High,Shopping,12004.68,Credit Card,2025-04-22
CUST1478,58,Female,Medium,Travel,14739.7,Debit Card,2025-04-23
CUST1479,24,Female,Medium,Others,19967.12,UPI,2025-04-24
CUST1480,21,Male,Low,Bills,18668.96,Debit Card,2025-04-25
CUST1481,28,Male,Medium,Travel,12887.05,Cash,2025-04-26
CUST1482,46,Male,Medium,Travel,8482.84,Debit Card,2025-04-27
CUST1483,53,Female,Low,Others,12759.93,UPI,2025-04-28
CUST1484,42,Male,Medium,Shopping,15734.47,Cash,2025-04-29
CUST1485,38,Male,Medium,Shopping,2454.89,Debit Card,2025-04-30
CUST1486,53,Male,Low,Shopping,8257.11,Debit Card,2025-05-01
CUST1487,27,Female,Low,Shopping,16812.07,Cash,2025-05-02
CUST1488,54,Female,Medium,Entertainment,7738.28,Credit Card,2025-05-03
CUST1489,26,Male,Low,Shopping,11480.26,Cash,2025-05-04
CUST1490,41,Male,High,Entertainment,11796.61,Credit Card,2025-05-05
CUST1491,52,Male,Medium,Entertainment,3771.08,UPI,2025-05-06
CUST1492,52,Male,Medium,Shopping,7308.49,UPI,2025-05-07
CUST1493,53,Female,Medium,Food,6756.77,Cash,2025-05-08
CUST1494,35,Female,High,Bills,621.31,Cash,2025-05-09
CUST1495,56,Female,Medium,Travel,581.42,UPI,2025-05-10
CUST1496,49,Female,Medium,Entertainment,16650.77,Credit Card,2025-05-11
CUST1497,41,Male,Medium,Others,5534.11,UPI,2025-05-12
CUST1498,40,Male,Low,Others,10409.77,Cash,2025-05-13
CUST1499,49,Male,High,Bills,6044.64,UPI,2025-05-14
